email,full_name,password
trac_todd@gmail.com,Tracy Todd,Password123
mickey_cruz8@gmail.com,Mickey Cruz,Password123
jlind@yahoo.com,John Lindsey,Password123
ricey@hotmail.com,Phillip Rice,Password123
jmac@gmail.com,Jane Mcdonald,Password123
sharmon45@gmail.com,Selva Harmon,Password123
Markeyboi@gmail.com,Mark Perkins,Password123
beccaGibs@gmail.com,Rebecca Gibson,Password123
wSanto760@gmail.com,Santo Warner,Password123
dannyW@gmail.com,Dan Wright,Password123
fifiFrenchie@gmail.com,Fiona French,Password123
EmmC@gmail.com,Emma Cross,Password123
boss@gmail.com,Courtland Sutton,Password123
goatCurry@gmail.com,Steph Curry,Password123
tonyGG@gmail.com,Tony Gonzales,Password123
ochocinco@gmail.com,Chad Johnson,Password123
mrbond@gmail.com,Bond Poole,Password123
Caldie@gmail.com,Geremy Caldwell,Password123
eddieHale@gmail.com,Eduardo Hale,Password123
shellyCunningham@gmail.com,Shelly Cunningham,Password123
JohnnyMayTheFourth@gmail.com,John May,Password123
ravensQB@gmail.com,Lamar Jackson,Password123
beastmode@gmail.com,Tyrod Taylor,Password123
champion877@yahoo.com,Anderson Silva,Password123
AnneQ@gmai.com,Anne Quinn,Password123
RandyBradley@gmail.com,Randall Bradley,Password123
SteffGood@gmail.com,Stephanie Goodman,Password123
BelleBing@gmail.com,Belle Rowe,Password123
mommaWats@gmail.com,Susie Watson,Password123
cornerbackman@gmail.com,Richard Sherman,Password123
camiwithanM@gmail.com,Cami Mills,Password123
ohitsTina@gmail.com,Tina Parsons,Password123
tiktok@gmail.com,Bryce Hall,Password123
bellymc@gmail.com,Betty Mclaughlin,Password123
RyRy@gmail.com,Rylee Pearson,Password123
BriggsTommy@gmail.com,Tommy Briggs,Password123
WarrenNumber2@gmail.com,Irwin Warren,Password123
RIPLEGEND@gmail.com,Stephen Hawkins,Password123
WoWBOSS@gmail.com,Leeroy Jenkins,Password123
donaldduck@gmail.com,Donald Peterson,Password123
bassmaster@gmail.com,Largomout Bass,Password123
gohawks@gmail.com,James Morris,Password123
anothersutton@gmail.com,Jerry Sutton,Password123
greenbaypack@gmail.com,Randall Cobb,Password123
liketheboat@gmail.com,Cruise Parker,Password123
CharlieChar@gmail.com,Charlie Schneider,Password123
bubbalevy@gmail.com,Bubba Zimmerman,Password123
mrgrinch@gmail.com,George Lynch,Password123
hardmetal@gmail.com,Ozzie Osborne,Password123
freeman@gmail.com,John Freeman,Password123
